domain,bias,did,handle
wifr.com,neutral,did:plc:rzawzwnk66h2wafryv76s5tf,wifr.com
38north.org,neutral,did:plc:7e2r625bgcbyinv5yl6f6l6k,38north.org
actionnewsjax.com,neutral,did:plc:kq74lgadvp37ehqej4hozpuq,actionnewsjax.com
africacheck.org,neutral,did:plc:tnjz67gugrhmoportlofs6vi,africacheck.org
afp.com,neutral,did:plc:ffccycfh6c6pmxwkhvq5clkv,afp.com
alreporter.com,neutral,did:plc:ptkn43a4zzxxxoy5ctyrhf7j,alreporter.com
democratherald.com,neutral,did:plc:j62ydy3jn4ivod4ttai22ghw,democratherald.com
ad.nl,neutral,did:plc:7fq77ywjddp4kaju2gklzi77,ad.nl
adn.com,neutral,did:plc:xex64fxbwpgu75pcgvjtaygs,adn.com
mlive.com,neutral,did:plc:fuhwm2ehs6zpfzcm2a54vpij,mlive.com
arstechnica.com,neutral,did:plc:wld6fad6xsm4tz4kfkoikun2,arstechnica.com
atlasobscura.com,neutral,did:plc:jgxhaphmw4kjwx2pbbpqamh4,atlasobscura.com
azfamily.com,neutral,did:plc:xjf2bkd2bdg2jrabyinplhfy,azfamily.com
ballotpedia.org,neutral,did:plc:45c2evlvvdw3l57gpkrlbh53,ballotpedia.org
mlive.com,neutral,did:plc:fuhwm2ehs6zpfzcm2a54vpij,mlive.com
bnd.com,right-center,did:plc:3cbu2tr56nbpspt5yc7tmwkb,bnd.com
bestlifeonline.com,neutral,did:plc:dw5tif4yfqyq2tzhx7kzdzm7,bestlifeonline.com
bigthink.com,neutral,did:plc:c2camf6sddshy2w2uqi43s22,bigthink.com
sunherald.com,neutral,did:plc:mtlvbl5midflxvo5ij4urorv,sunherald.com
bismarcktribune.com,neutral,did:plc:roxvb5zltae5s4laf5nmhlih,bismarcktribune.com
bleepingcomputer.com,neutral,did:plc:kbdifeeymt5ppkl4gtq3i7be,bleepingcomputer.com
bnonews.com,neutral,did:plc:5hz3bnmwhjqjhcthik4wt6li,bnonews.com
bridgemi.com,left-center,did:plc:xt7i3comh7mhbz53szvhrlv2,bridgemi.com
buffalonews.com,neutral,did:plc:litcz6wgvspamujgsjpzh7b7,buffalonews.com
bullshido.net,neutral,did:plc:wtrybt6vjaqc6ma5k3i4nk6s,bullshido.net
canoncitydailyrecord.com,neutral,did:plc:6cwghcle3bmu2am3dpystz5q,canoncitydailyrecord.com
castanet.net,neutral,did:plc:xhohr4frmxubpwya7b2bjz75,castanet.net
cdt.org,neutral,did:plc:sj46s4ufqfmqeq34ewaam6n4,cdt.org
opensecrets.org,neutral,did:plc:tqsxvuwkgoynvu3svvkbgi6g,opensecrets.org
csis.org,neutral,did:plc:vqzg7mjoyhvdtkgjv35dtphc,csis.org
chathamhouse.org,neutral,did:plc:mxrblrevl3divnsgg47t7r7n,chathamhouse.org
cnet.com,neutral,did:plc:opwy3eh6o4dxfs4xelniiahy,cnet.com
constitutioncenter.org,neutral,did:plc:rfoxtfrbbmc6vh6yoi3m4qgc,constitutioncenter.org
consumerreports.org,neutral,did:plc:gsytyhzjivwhl7whwbzmtoxt,consumerreports.org
cookpolitical.com,neutral,did:plc:s7soaepovbjzupe4qxayfppj,cookpolitical.com
gazettetimes.com,neutral,did:plc:tlx7rwjoirvjlaj5ia4khcxa,gazettetimes.com
cfr.org,neutral,did:plc:wry3kwhzw56muq77e663zaz3,cfr.org
courthousenews.com,neutral,did:plc:k5syt3wnj5tiz4ii24l6y6i6,courthousenews.com
dailycamera.com,neutral,did:plc:bizh7l7i3n7sa5wlooscvg5u,dailycamera.com
dailymaverick.co.za,neutral,did:plc:mfgxgt4yzz3i7dediwlyfagf,dailymaverick.co.za
daytondailynews.com,neutral,did:plc:vxcqbpa56uhq7ttbnkibffot,daytondailynews.com
standaard.be,neutral,did:plc:y76r3wcphgsa2tabzsrfdwgg,standaard.be
doctorswithoutborders.org,neutral,did:plc:khtjkiuhvacla3vjhezw4pm3,doctorswithoutborders.org
dpa.com,neutral,did:plc:qrm3ruflfpfgr2td6btztm34,dpa.com
duluthnewstribune.com,neutral,did:plc:gs27ivcf6qkazxxhi6gq6eah,duluthnewstribune.com
eatthis.com,neutral,did:plc:zmwpjsjlcndq3i2yb44msqex,eatthis.com
eurasiagroup.net,left-center,did:plc:iix7ekuntacc4bxhuntw7uy6,eurasiagroup.net
factcheck.org,neutral,did:plc:mta2l4dkreftgxtoqwdqwex4,factcheck.org
federalnewsnetwork.com,neutral,did:plc:opesxbeyjvrt65svpygu7hzh,federalnewsnetwork.com
foreignaffairs.com,neutral,did:plc:pc2h3k5a3adhg7lkkcfkwhvc,foreignaffairs.com
foreignpolicy.com,neutral,did:plc:m5mauk2a3xu2j5nbjbzifm4z,foreignpolicy.com
france24.com,neutral,did:plc:wkreszch2k4mumsrlkeaflgn,france24.com
fullfact.org,neutral,did:plc:27ovyakfahyrvm247jsfdkon,fullfact.org
gallup.com,neutral,did:plc:rvbkyia7qqqgh5awe433cm3m,gallup.com
geekwire.com,neutral,did:plc:hh2jwswoa26g5qdv5zom2vve,geekwire.com
goodnewsnetwork.org,neutral,did:plc:g7r7o7nnvw7duj2b3eugxyux,goodnewsnetwork.org
gao.gov,neutral,did:plc:sfajlkmreyoot2etotf2y4xt,gao.gov
govtrack.us,neutral,did:plc:fzfsptsk6m2syloo2ddtiupz,govtrack.us
journal-news.com,neutral,did:plc:kr6gyckh52qxswmoa3dskdbq,journal-news.com
hbr.org,neutral,did:plc:gqxkyo6hrbwg7jwbk3g42jok,hbr.org
harvard.edu,neutral,did:plc:wjftbykbqbploulvuv5vhpwj,harvard.edu
howstuffworks.com,neutral,did:plc:kj7aykxyncrgiu42fynucgsx,howstuffworks.com
idahostatesman.com,neutral,did:plc:34oczqbiju7ej4nouljyzrs6,idahostatesman.com
inc.com,neutral,did:plc:dmaz35evsaf3izu7um6srisz,inc.com
investopedia.com,neutral,did:plc:iygcxfywvbcit5lah4kjswsa,investopedia.com
japantimes.co.jp,neutral,did:plc:rddeinqb45gzem3n3zyma7im,japantimes.co.jp
alaskasnewssource.com,neutral,did:plc:xama3o24aged6w4kckdfecv6,alaskasnewssource.com
crossroadstoday.com,neutral,did:plc:ydp2xj2y7yoxeg2fn3xzldqm,crossroadstoday.com
kbtx.com,neutral,did:plc:pb5jfkmwoaforqzzlf3w3hzz,kbtx.com
kcbd.com,neutral,did:plc:wfuoluiye5gspvifqw6vz764,kcbd.com
kcrg.com,neutral,did:plc:bpee36jjhsimgitjmkdvqwoi,kcrg.com
kctv5.com,neutral,did:plc:xgdadpehofzxb4s5nbktdkhw,kctv5.com
keyc.com,neutral,did:plc:5ekfk6hhug76nsysfodxcdob,keyc.com
kfvs12.com,neutral,did:plc:3wutqjkojdawxlnkum7pzjd2,kfvs12.com
kfyrtv.com,neutral,did:plc:3zpntoid7ns7v3ooujovxf3t,kfyrtv.com
hawaiinewsnow.com,neutral,did:plc:ehkf2lm7lzur3u67qlfglnwr,hawaiinewsnow.com
knopnews2.com,neutral,did:plc:e7dtcdork3kslulda4rialtz,knopnews2.com
kktv.com,neutral,did:plc:r7i7qwlptmo2uwggqvybgxzw,kktv.com
kltv.com,neutral,did:plc:3gggjubfumu7rx7quje7fw3a,kltv.com
knoe.com,neutral,did:plc:ynce7iaevjpns5ne7bmggdu3,knoe.com
knopnews2.com,neutral,did:plc:e7dtcdork3kslulda4rialtz,knopnews2.com
abc15.com,neutral,did:plc:y3odnoigzv23dxj7443yrhto,abc15.com
kold.com,neutral,did:plc:caivqtytc4sr4wwtxt2thva4,kold.com
1011now.com,neutral,did:plc:yvqeynrczqvphzcrjh24s5zf,1011now.com
kotatv.com,neutral,did:plc:6uhnayeww7aml6oavbk2p4ia,kotatv.com
kplctv.com,neutral,did:plc:yswbpkcpls4m6puxviiy4qfz,kplctv.com
krqe.com,neutral,did:plc:7eq2xcmvvjfohldebwc7xik6,krqe.com
dakotanewsnow.com,neutral,did:plc:ogujtaq3gjijlchosh4g64og,dakotanewsnow.com
ksl.com,neutral,did:plc:3jtbuucatknfylg5mazffvyq,ksl.com
ksla.com,neutral,did:plc:z23pyyfl76g2qm5myqqa7pqg,ksla.com
ksnblocal4.com,neutral,did:plc:q3ivs7r5lpmpzlnxavvwz2xp,ksnblocal4.com
ky3.com,neutral,did:plc:eajnguo5dcvp7z727bem44fd,ky3.com
ktiv.com,neutral,did:plc:rtj3akotlsupl44yq6rq3egj,ktiv.com
ktla.com,neutral,did:plc:7gl5wleptmfgwbvafua26omf,ktla.com
ktre.com,neutral,did:plc:7fa6yve6gxtcoa7rtp7s32tr,ktre.com
fox5vegas.com,neutral,did:plc:wobq5ygwk6dvsfwq5urehsop,fox5vegas.com
kwch.com,neutral,did:plc:ew5m5zvlab4zlxigf47t6rhh,kwch.com
kwtx.com,neutral,did:plc:dk6kbode37lrekoxcuvbq26c,kwtx.com
kxan.com,neutral,did:plc:n2udhcg3p7juntqi4t45lgvi,kxan.com
kxly.com,neutral,did:plc:d32cfvbqhwkkfsk7rfwaiyet,kxly.com
ledevoir.com,neutral,did:plc:buri5e2ky6wzn5cvor7owkzh,ledevoir.com
lalibre.be,neutral,did:plc:e6dbovlsokffoxeo7pdnzkap,lalibre.be
law360.com,neutral,did:plc:kgrwImfbbjwdohza3nmfhdla,law360.com
lesoir.be,neutral,did:plc:drxqcoxx5lgv2tue57fgnxcj,lesoir.be
liveuamap.com,neutral,did:plc:lyjr5pm3xljkxopg7hl2lday,liveuamap.com
timescall.com,neutral,did:plc:pkl5dvwvozwyeqogp2nuj3ys,timescall.com
reporterherald.com,neutral,did:plc:emzkzfyxlg7y3xkzbnoejm63,reporterherald.com
nwitimes.com,neutral,did:plc:ffcuig6mzo5ez43a2mlelusy,nwitimes.com
oregonlive.com,neutral,did:plc:hhqzjk3wuvan75wdnacitt2m,oregonlive.com
pewresearch.org,neutral,did:plc:xsoucnnpbf4jehj7iju62p7g,pewresearch.org
pressofatlanticcity.com,neutral,did:plc:b5ue3dv6xdtqputx7es27ej4,pressofatlanticcity.com
rand.org,neutral,did:plc:o3kyugmaw3xhfb5mwx365cvu,rand.org
reuters.com,neutral,did:plc:jbvnehrrdqoulco4rf5gxg5r,reuters.com
rfi.fr,neutral,did:plc:vvlpfarso2eojm2xpzc7qrd7,rfi.fr
rte.ie,neutral,did:plc:ilo5g7lh5xvh7ppgl7xqygpk,rte.ie
semafor.com,neutral,did:plc:2jwxoziacifmtqa5felhqms6,semafor.com
springfieldnewssun.com,neutral,did:plc:t4oqoinqvkukzuf4zfqdwcs4,springfieldnewssun.com
spotlightpa.org,neutral,did:plc:e4pvftikrav25n6nkhdtivnk,spotlightpa.org
cepr.org,neutral,did:plc:ouy2s55lmrthuh42xasinz74,cepr.org
columbian.com,neutral,did:plc:cs5ysutmzay64iaqvs7m6uqx,columbian.com
tdn.com,neutral,did:plc:yxipitvo2g3nflqwunf2dv7i,tdn.com
thediplomat.com,neutral,did:plc:xta63iqnrhi7tzp7y7b2mppi,thediplomat.com
economist.com,neutral,did:plc:mhzk3blh4pfxo3fqh2meowbb,economist.com
thehill.com,neutral,did:plc:longoqrn76dzlzuczatyu6np,thehill.com
mcall.com,neutral,did:plc:l7jgubjvekubyowfxgwka6ca,mcall.com
syracuse.com,neutral,did:plc:ilszysiitwukrdcw3d44he3k,syracuse.com
theregister.com,neutral,did:plc:bz67dxqh5nmjl5it36xylqyy,theregister.com
masslive.com,neutral,did:plc:svnfh5qxr2qhqzoqjpvn2hsv,masslive.com
scotsman.com,neutral,did:plc:vgidwml5aqevlpbjxstuyuqq,scotsman.com
trentonian.com,neutral,did:plc:gwjdupqjm3vbt23dqo2rhwec,trentonian.com
tri-cityherald.com,neutral,did:plc:bcd4l7jlkixa7svv6x3rutfd,tri-cityherald.com
usafacts.org,neutral,did:plc:inptveoatug2dcu5jyb5zaon,usafacts.org
wabi.tv,neutral,did:plc:2rupe4u3nu3okhextlnwww5p,wabi.tv
wafb.com,neutral,did:plc:xr6qlfqtxh4xvbaouah2l5fp,wafb.com
fox10tv.com,neutral,did:plc:geqm7ldahz7kr7piynzrq4ym,fox10tv.com
wtop.com,neutral,did:plc:xyxt46wgc6nze4a3dwq7adzc,wtop.com
wave3.com,neutral,did:plc:wi6htxc4gnueibbrz5dxg7l3,wave3.com
wbay.com,neutral,did:plc:dokqyshtogx2vheccmpjst3p,wbay.com
wbrc.com,neutral,did:plc:oij3kslf6ae75wq7vw37otsv,wbrc.com
wbtv.com,neutral,did:plc:gwpec66uscxnwivhqqy3rwjc,wbtv.com
wcax.com,neutral,did:plc:b4qob2jk45duqnq5asmjoouw,wcax.com
nbc4i.com,neutral,did:plc:33ub7zsjix2x7oqafuhweecl,nbc4i.com
live5news.com,neutral,did:plc:mloijreo3hj77l2mceqgou7w,live5news.com
wctv.tv,neutral,did:plc:ahwgifw67ck2uofmrxmy5ntk,wctv.tv
clickondetroit.com,neutral,did:plc:guud5wwzg2btqhvyjmuoc4gq,clickondetroit.com
wdtv.com,neutral,did:plc:ulstp7rdv3tekihmwy3mnket,wdtv.com
25newsnow.com,neutral,did:plc:cqymdpjky3b6ffia5or5bxs2,25newsnow.com
westernmassnews.com,neutral,did:plc:n5ermqk2vmtxaevcokrf6fiz,westernmassnews.com
14news.com,neutral,did:plc:sjge5mybtask7su4oqqav7t6,14news.com
wfla.com,neutral,did:plc:dcdkwzsffdzjrl6r4kw4ddai,wfla.com
wfmz.com,neutral,did:plc:rcyoios7tmxtllyjm7jtchbm,wfmz.com
wfsb.com,neutral,did:plc:oetunpozp6fjudghkpo7u3xa,wfsb.com
boston25news.com,neutral,did:plc:kpzr6eooz5g6jjngbrvyoo27,boston25news.com
wgem.com,neutral,did:plc:gcqbrwdh5yzcaj6zu2wk3oic,wgem.com
westernmassnews.com,neutral,did:plc:n5ermqk2vmtxaevcokrf6fiz,westernmassnews.com
myfox8.com,neutral,did:plc:u5zknu245yjfruwdddtzhcax,myfox8.com
wgntv.com,neutral,did:plc:7tko3ivvonbaofz3ekxr2tdf,wgntv.com
foxcarolina.com,neutral,did:plc:te5pgma6mwconqrpyn5ydlxf,foxcarolina.com
whsv.com,neutral,did:plc:l7j4rjkoumcpvgjhuywq4phl,whsv.com
kansas.com,neutral,did:plc:ldrenvc2f2ze3x4fql3zmotl,kansas.com
wilx.com,neutral,did:plc:h7atjnkhlfhke5mqn3rsa7ze,wilx.com
wistv.com,neutral,did:plc:l4vrhlg7mslm7xfkv2bi73rw,wistv.com
channel3000.com,neutral,did:plc:lvcs7ffkwlksfks5xd7sbene,channel3000.com
witn.com,neutral,did:plc:26na5b7jfvqmwu2je4uhfpa4,witn.com
wjhg.com,neutral,did:plc:66g5s3dujs3m5ket56b3oulo,wjhg.com
news4jax.com,neutral,did:plc:2xccci3ynhdyox6aptd6k4e6,news4jax.com
news8000.com,neutral,did:plc:wupitfwtoi6elfg6x42oqp5v,news8000.com
wlbt.com,neutral,did:plc:6nf4hnjbapszdgl2cldgacp2,wlbt.com
wlox.com,neutral,did:plc:ic4cxtymdavf43lfun3bxden,wlox.com
cleveland19.com,neutral,did:plc:e6ctbnpzvdv3jbr66q5rqu2k,cleveland19.com
tmj4.com,neutral,did:plc:gmtucmxoqyobpabhluogsdfl,tmj4.com
wtvy.com,neutral,did:plc:ckszryz3ew7yya6whxmhixd2,wtvy.com
wikipedia.org,neutral,did:plc:plla3i7zproko3ekdnkoykhe,wikipedia.org
winnipegfreepress.com,neutral,did:plc:cakwbuh7mddm7nnwp2dvbpmq,winnipegfreepress.com
madison.com,neutral,did:plc:g447wbzly267ltp3ptv3z6pd,madison.com
wvlt.tv,neutral,did:plc:k7zibku3ep6mf7p7klqxuofg,wvlt.tv
actionnews5.com,neutral,did:plc:ewn5ro2tvshfv4s3cwptqj65,actionnews5.com
wric.com,neutral,did:plc:pk5fetmlcdrhroenk2fjwvz7,wric.com
wsfa.com,neutral,did:plc:nw2emc4ifcypcggaj7lqn23i,wsfa.com
wsmv.com,neutral,did:plc:ual5y47n6qzildp5sdfh5g6i,wsmv.com
wspa.com,neutral,did:plc:6m2oisr7a2cis2cmxlqlj4kd,wspa.com
wtap.com,neutral,did:plc:fg34mij4u4eci4ut3tkxyqwl,wtap.com
13abc.com,neutral,did:plc:4jffxevd6tjtn2dd4fknymtn,13abc.com
fox8live.com,neutral,did:plc:y6rlpkr6isjv6xhbkr6h5waq,fox8live.com
fox19.com,neutral,did:plc:3r7i47tpxxb2te4yjsjp4lvv,fox19.com
wymt.com,neutral,did:plc:vl6sc4zlu65spqkx4nhegkmy,wymt.com
accountable.us,left,did:plc:pbaeb3lf5jasu56lhxfqqsma,accountable.us
afj.org,left,did:plc:i6gbrp4yw5wn7yhfjvg3pnvn,afj.org
alternet.org,left,did:plc:rexmsjdf35cmdtbdymey7q2q,alternet.org
azmirror.com,left,did:plc:lkehpmh3wycaw34n7w6s2plq,azmirror.com
arkansasadvocate.com,left,did:plc:4ijxzntkhg7seb6sqfmoqaan,arkansasadvocate.com
blacklivesmatter.com,left,did:plc:j6xoe6gmbnftycxtgww4q2ws,blacklivesmatter.com
boingboing.net,left,did:plc:mpso3qabvtupgwrqi6wo5hlo,boingboing.net
antihate.ca,left,did:plc:dqz5cumwi7v4k73mcttat5pw,antihate.ca
change.org,left,did:plc:uc5btswnrktc25k6kqd2jkg4,change.org
chicagoreader.com,left,did:plc:4x3oxnyrnuljmts3fdcmvpap,chicagoreader.com
climatechangenews.com,left,did:plc:dkkmie5qxtdcqf6e25ott3vi,climatechangenews.com
cnn.com,left,did:plc:dzezcmpb3fhcpns4n4xm4ur5,cnn.com
coloradotimesrecorder.com,left,did:plc:fnopyoevuz6d5bmsqj6lzyyb,coloradotimesrecorder.com
commondreams.org,left,did:plc:tiriierad73thyvjczaphg6v,commondreams.org
crikey.com.au,left,did:plc:6suks5qgacqnboxtvvtdfxgh,crikey.com.au
crimethinc.com,left,did:plc:usktoienjig6rm5cxm46j3zl,crimethinc.com
crooked.com,left,did:plc:tayxn2yczm5gsiblmpyxyb34,crooked.com
dailydot.com,left,did:plc:v6famizb5v22zwkj74dzyknf,dailydot.com
dailykos.com,left,did:plc:gchmzqms7ibr2fkpzggmufoe,dailykos.com
dailyrecord.co.uk,left,did:plc:fqpp45nlzbwmqj7fgdumkhb6,dailyrecord.co.uk
democracynow.org,left,did:plc:yosojsta3nm5qiod5zqixzur,democracynow.org
metrotimes.com,left,did:plc:rgjzmhf77ewrsmxmyxaolsxn,metrotimes.com
egbertowillies.com,left,did:plc:yk7n3vgg36ge757rogg3zwpg,egbertowillies.com
elitedaily.com,left,did:plc:q3wo5mbz6g4e3dql4x6t52pm,elitedaily.com
floridaphoenix.com,left,did:plc:dxekfy3igx7lx7ityl2tnxhr,floridaphoenix.com
ffrf.org,left,did:plc:cmshsgi5mseyge7epmgjjile,ffrf.org
georgiarecorder.com,left,did:plc:4koeojsygm26p6b5dgz7bvht,georgiarecorder.com
giffords.org,left,did:plc:65lajs2naecrkmwgazzgz62u,giffords.org
gizmodo.com,left,did:plc:f3ph3ymzcnhpchwqiu4u37g2,gizmodo.com
huffpost.com,left,did:plc:j4eroku3volozvv6ljsnnfec,huffpost.com
hrc.org,left,did:plc:2a6467lkgeow52scdgvrlhej,hrc.org
inthesetimes.com,left,did:plc:cfzbwufjuxhaaicdiokevr5c,inthesetimes.com
indivisible.org,left,did:plc:ryjmqqquvltpslijw3zl4fln,indivisible.org
ips-dc.org,left,did:plc:6a4hbmycvqfyfze3x5lusakv,ips-dc.org
intpolicydigest.org,left,did:plc:a3uegolfzdlujezcy27r4cky,intpolicydigest.org
iowacapitaldispatch.com,left,did:plc:6mu2m7poryyvepixjxhq7ngt,iowacapitaldispatch.com
kansasreflector.com,left,did:plc:i34es6mhnq6urasndlgl75np,kansasreflector.com
lailluminator.com,left,did:plc:gcvki56jmtnfhbdqvzrrnxr6,lailluminator.com
mediaite.com,left,did:plc:4m2mvqumu72dar3pcm2tpebi,mediaite.com
meduza.io,left,did:plc:kpkqu7odzhelr2idxytethe7,meduza.io
meidastouch.com,left,did:plc:xjc7mkotpenvhh6ffewkdpyn,meidastouch.com
michiganadvance.com,left,did:plc:guijuukzq2zgrsqdoat3ftcv,michiganadvance.com
missouriindependent.com,left,did:plc:ts4obfyds7inf4dopu55ww42,missouriindependent.com
nebraskaexaminer.com,left,did:plc:xaog6il4ivbx6unyatgzfvaw,nebraskaexaminer.com
newjerseymonitor.com,left,did:plc:vqxdjp7fsr67rws247fi6zzr,newjerseymonitor.com
newrepublic.com,left,did:plc:g6zrpwmibpkb6nkfweuns3mr,newrepublic.com
nymag.com,left,did:plc:wwbpna4jtw66gj6c3pksbiad,nymag.com
newyorker.com,left,did:plc:t2dfq4ktezmwjdnjjaygw4bl,newyorker.com
novaramedia.com,left,did:plc:5ebko3maogiqs6tjcab23vq6,novaramedia.com
ohiocapitaljournal.com,left,did:plc:wobd7kca6ine2hjnyoaxsbai,ohiocapitaljournal.com
out.com,left,did:plc:rwp6t67rcnrdwioi6nvfjmcv,out.com
palmerreport.com,left,did:plc:oamcq4k7hlvmy76nurpl2vdh,palmerreport.com
penncapital-star.com,left,did:plc:ynfviyhalw72hubeta5234n2,penncapital-star.com
politicususa.com,left,did:plc:brku2movbdartmcwmw4wrzue,politicususa.com
popular.info,left,did:plc:u3pbf6ewkvh7gbkgu4lbkt5n,popular.info
boldprogressives.org,left,did:plc:7xgnb4oq6db7vvpmszkmpuog,boldprogressives.org
psyche.co,left,did:plc:k3jqnnugdpn74b7qkjbbief6,psyche.co
rawstory.com,left,did:plc:4fjlxgdpuqxfqnzvvbj56q5f,rawstory.com
therealnews.com,left,did:plc:ywctiyaggtbo7chgt6h57ns4,therealnews.com
rollingstone.com,left,did:plc:vf32tdeunh3ra6nvclxhmeuo,rollingstone.com
salon.com,left,did:plc:mnoelatyrhojufjqknbgbpi2,salon.com
slate.com,left,did:plc:wwiikm77cjmgpjn7i7iao43p,slate.com
southdakotasearchlight.com,left,did:plc:rjer2jpzws3jfazhhpbkwl2g,southdakotasearchlight.com
splcenter.org,left,did:plc:w4f6uyyiucht2wi6p74pzxti,splcenter.org
talkingpointsmemo.com,left,did:plc:x7srox3it3f7oynvzjbfeq4e,talkingpointsmemo.com
tennesseelookout.com,left,did:plc:nozzh3m6qgmugwkbgvben42w,tennesseelookout.com
19thnews.org,left,did:plc:da7brobfvrhj77u5ao2sxmld,19thnews.org
prospect.org,left,did:plc:5ckgrxzxfa5wf3lxepnh45s2,prospect.org
thecut.com,left,did:plc:sfxhqcmzeo62twinkagknojj,thecut.com
thegailygrind.com,left,did:plc:x3z36ltwynkwpi33hhou3mni,thegailygrind.com
levernews.com,left,did:plc:6yssvglnid5s3n3p5f4u4tfq,levernews.com
thenarwhal.ca,left,did:plc:sxywaaocdrjp7aywbhsqpjn7,thenarwhal.ca
thenation.com,left,did:plc:qtjpurf5fsptp3dhi52kksl6,thenation.com
thestranger.com,left-center,did:plc:ekf3smdiurl26mmjjzguxq64,thestranger.com
texasobserver.org,left,did:plc:jctoa2xp3a5gko5wppjv2lwf,texasobserver.org
thewalrus.ca,left,did:plc:3ckyrkyjlpj572zxqruf4dt4,thewalrus.ca
theweek.com,left,did:plc:qidlhwceimpyhu24bntyvtfi,theweek.com
them.us,left,did:plc:xykp5w5h2mrygh52ewntdh6q,them.us
truthdig.com,left-center,did:plc:3bv6fgizbmt6rgw2t7bzyetr,truthdig.com
truthout.org,left,did:plc:whmdtfaoue7x2xxgl4cch3dm,truthout.org
upworthy.com,left,did:plc:lmehsboawjzwen3wdpp35pjt,upworthy.com
vanityfair.com,left,did:plc:hkams7ev6zrn3oiwxd7qhodc,vanityfair.com
vox.com,left,did:plc:telglo5rrcxytqro5nqha3pt,vox.com
washingtonian.com,left,did:plc:7badtqcuh5ethvlzhzkdx4qn,washingtonian.com
972mag.com,left-center,did:plc:lcc4e7mhwmtblkk4m2bv4vuq,972mag.com
abovethelaw.com,left-center,did:plc:umsi5nfbe6iws2uqbtrlh76g,abovethelaw.com
aclu.org,left-center,did:plc:bg5vuqejktlwjgcdsm3jyv73,aclu.org
aeon.co,left-center,did:plc:wh7fvtae3qacq2q5vfpsacdp,aeon.co
aljazeera.com,left-center,did:plc:2lofqead276vtc5647ye7sl2,aljazeera.com
guttmacher.org,left-center,did:plc:gh37lj33swx56p5me7vptbnj,guttmacher.org
timesunion.com,left-center,did:plc:7pycdzg5nl4effudeyocyiw4,timesunion.com
amnesty.org,left-center,did:plc:2i2ayysyi5ejqdzon2a6rais,amnesty.org
apmreports.org,left-center,did:plc:4su4fufpylorje4wyp6r365e,apmreports.org
tucson.com,left-center,did:plc:fbpm6yrbmwygblnlkotfbydw,tucson.com
azcentral.com,left-center,did:plc:2ck3eeyct4de6x3ie2rzfwua,azcentral.com
apnews.com,left-center,did:plc:a67zdrt4nl2tv2qojpngogbq,apnews.com
atavist.com,left-center,did:plc:cmetvw4ihgwjokb563surovz,atavist.com
ajc.com,left-center,did:plc:igtkaualghs4sjh4kreza346,ajc.com
theatlantic.com,left-center,did:plc:nyxviptfyic2lvuorkr5yy3y,theatlantic.com
avclub.com,left-center,did:plc:kwxpje5qog6wwndagwbssatp,avclub.com
axios.com,left-center,did:plc:f6avy7jkujdhusski5n64joj,axios.com
wired.com,left-center,did:plc:inz4fkbbp7ms3ixufw6xuvdi,wired.com
bangordailynews.com,left-center,did:plc:u2iiont4xI7izbwj6pzdqkob,bangordailynews.com
baptistnews.com,left-center,did:plc:wifiogd6vp7hmm3zbkbeaww5,baptistnews.com
baynature.org,left-center,did:plc:rr7mjhruzcopcxwecduplpwc,baynature.org
bellingcat.com,left-center,did:plc:sb54dpdfefflykmf5bcfvr7t,bellingcat.com
bellinghamherald.com,left-center,did:plc:53zi7khtpw25gvvob743rlra,bellinghamherald.com
berkshireeagle.com,left-center,did:plc:aqotfv4fmmuzup3ji2da35wf,berkshireeagle.com
bloomberg.com,left-center,did:plc:uewxgchsjy4kmtu7dcxa77us,bloomberg.com
boston.com,left-center,did:plc:lzcshngqcu5va5mrpodf6rae,boston.com
bostonglobe.com,left-center,did:plc:yfmsl73ryoitvecltfl6lkjd,bostonglobe.com
brennancenter.org,left-center,did:plc:gx2mw5w2tfcwnlkkhpe6gp4x,brennancenter.org
brookings.edu,left-center,did:plc:t2drzqtqmdficodc46imon5c,brookings.edu
thebulletin.org,left-center,did:plc:4crytqwvj4ehonipglqe5ctf,thebulletin.org
businessinsider.com,left-center,did:plc:azsiq6a5plbpa7ekw7pdrnum,businessinsider.com
bustle.com,left-center,did:plc:msvuw3r7ijddel3i4ogas2jl,bustle.com
buzzfeed.com,left-center,did:plc:jibklc7zyc5otm5z6yzdgvw7,buzzfeed.com
canadaland.com,left-center,did:plc:maaziueddnoqjtzaqxl33uzf,canadaland.com
carnegieendowment.org,left-center,did:plc:36xnjtopl7jqs3zjeghj262l,carnegieendowment.org
cbsnews.com,left-center,did:plc:3bxtpdpr73tf7tldv5q4oyqc,cbsnews.com
c4ads.org,left-center,did:plc:jswwpklqudsctxkxmc6s3ipp,c4ads.org
cgdev.org,left-center,did:plc:trmlo6vueg2bnm5eq6t2ewdb,cgdev.org
chalkbeat.org,left-center,did:plc:y522fbumuj7imq3pmyehyqwi,chalkbeat.org
charlotteobserver.com,left-center,did:plc:o6fx2zgj6vbfno37n7nuq2rl,charlotteobserver.com
suntimes.com,left-center,did:plc:kttkuxc264c4fkrhzxxw6q4p,suntimes.com
citizensforethics.org,left-center,did:plc:ds7jumejrr2e2ksfjmjxsz75,citizensforethics.org
bloomberg.com,left-center,did:plc:uewxgchsjy4kmtu7dcxa77us,bloomberg.com
cnbc.com,left-center,did:plc:m7ks2xhfuku7errrtfjux2lg,cnbc.com
dispatch.com,left-center,did:plc:2n4hrjv7fhqzps2ii45gsq3l,dispatch.com
commoncause.org,left-center,did:plc:xow2pl5amq26r6dpl4fr2g4a,commoncause.org
commonwealmagazine.org,left-center,did:plc:gmikpdka2jiojbgytkcfa35w,commonwealmagazine.org
commonwealthfund.org,left-center,did:plc:dywqoh2ijynlx3cxvw7v2gag,commonwealthfund.org
complex.com,left-center,did:plc:gnhehfy3mkagt6dvgr5hegit,complex.com
pogo.org,left-center,did:plc:6bvljsla5gcjr7dsqewbnxoq,pogo.org
ctmirror.org,left-center,did:plc:j4ea57csbicjibqgbdfykhfm,ctmirror.org
mirror.co.uk,left-center,did:plc:shxqhlplcrwpegumqqltpvzz,mirror.co.uk
deadline.com,left-center,did:plc:sanfemo6qfnbaxdoi2q2vnvl,deadline.com
denverpost.com,left-center,did:plc:d2vg3ev62rmv4zrivswlpeim,denverpost.com
westword.com,left-center,did:plc:boq44cxztb6e5xox4traxenf,westword.com
freep.com,left-center,did:plc:c7lzsq6djrsjglznmbrihch6,freep.com
zeit.de,left-center,did:plc:42pjb4dy3p3ubiekmwpkthen,zeit.de
earthjustice.org,left-center,did:plc:fjg5hbamm6swypdttxqyv3ne,earthjustice.org
eastbaytimes.com,left-center,did:plc:brk4hddiyzyfoy7ewjnmml75,eastbaytimes.com
thestar.com,left-center,did:plc:w5pxbmkjntxfw6mt4emennhv,thestar.com
epi.org,left-center,did:plc:4pzhmhzckvdfdo4e6dn4ymeb,epi.org
eldiario.es,left-center,did:plc:sv2ivxvf7fxchmo2xamo3wwx,eldiario.es
elpais.com,left-center,did:plc:u6mkbcgviwlbhuwqirmhcgu3,elpais.com
eff.org,left-center,did:plc:lr36xv2l64jwtnyoaqem6z2z,eff.org
engadget.com,left-center,did:plc:hpnjvcdy2eb4f7wmrdfuka3h,engadget.com
ew.com,left-center,did:plc:inf7mzxur3tdo4m425qnumra,ew.com
espn.com,left-center,did:plc:x7d6j54pm22ufehkes6jo4jf,espn.com
euobserver.com,left-center,did:plc:xnmkjaouspdzqv4hzvvcf3j3,euobserver.com
euractiv.com,left-center,did:plc:npdxsw4zvih4gcyqppoql7qk,euractiv.com
euronews.com,left-center,did:plc:6uybbvnd3pfjh5oztjngzdss,euronews.com
fastcompany.com,left-center,did:plc:rekelktn5jkrlzdnkc5376ot,fastcompany.com
fightforthefuture.org,left-center,did:plc:btc3rrfafbv4xqsv3v3533p6,fightforthefuture.org
freethink.com,left-center,did:plc:2rfcdfp4id5rltcj4gi2qidj,freethink.com
fresnobee.com,left-center,did:plc:rcizb7dtzyjtkvjgs4iwwfio,fresnobee.com
wyborcza.pl,left-center,did:plc:t7zuqso6lxw5luyr36cbqb25,wyborcza.pl
glamour.com,left-center,did:plc:2a2jdd345j3zab44yfbzsx5f,glamour.com
globalnews.ca,left-center,did:plc:dl733qoamovlx7pxkcymfbvi,globalnews.ca
theworld.org,left-center,did:plc:iyw6e6ugwyafyvdsrcxbf7nd,theworld.org
gothamist.com,left-center,did:plc:hmpywdrszq4ven4pavxjnme2,gothamist.com
grist.org,left-center,did:plc:ngqdkvttdmzsbwb2mngquwip,grist.org
hechingerreport.org,left-center,did:plc:ble2wdbuyqxjnrg74velk3iz,hechingerreport.org
hs.fi,left-center,did:plc:trfc2wxofhvebggzpefafxs2,hs.fi
hcn.org,left-center,did:plc:2mjiozysq2ofvxhodz23y24k,hcn.org
hitc.com,left-center,did:plc:gjcoaxuwd2n2tml5qbxjqb72,hitc.com
hrw.org,left-center,did:plc:n5ygsvktcea43nu54t3sv2ic,hrw.org
iflscience.com,left-center,did:plc:qe5zphfkiciic2bgah5otxgn,iflscience.com
inews.co.uk,left-center,did:plc:4sqb5ugga4lhhrkkuw2sa5oi,inews.co.uk
insideevs.com,left-center,did:plc:3ez2pmoyablhgfw6rkfmv65n,insideevs.com
insidehighered.com,left-center,did:plc:q5jyiiwq2phghraetyo2tkvt,insidehighered.com
insidephilanthropy.com,left-center,did:plc:uozj3eeoo4f4ijim62e4bijx,insidephilanthropy.com
insider.com,left-center,did:plc:hxx4tuwr2qxmlmktvorn4exr,insider.com
instituteforgovernment.org.uk,left-center,did:plc:d656x5rt365ylfpbzpwgpl4i,instituteforgovernment.org.uk
itep.org,left-center,did:plc:fgarv67t3uimqcpfgt56n5ol,itep.org
inverse.com,left-center,did:plc:asgoadvou5tx22cvlg2f52lk,inverse.com
irishmirror.ie,left-center,did:plc:hiyfi4e225xc7q23sikgyv3e,irishmirror.ie
kff.org,left-center,did:plc:zpwka3ky6phhcwmwor4tu5xj,kff.org
kcrw.com,left-center,did:plc:ynrvv4n6tkol3sdehhbopo3n,kcrw.com
cbsnews.com,left-center,did:plc:3bxtpdpr73tf7tldv5q4oyqc,cbsnews.com
nbcdfw.com,left-center,did:plc:via7prv45hrfmudlog3grl7u,nbcdfw.com
alaskapublic.org,left-center,did:plc:wskdvbgdhv722jigmgjtkapm,alaskapublic.org
kuow.org,left-center,did:plc:sgpikk2uv7446555gx2mawpz,kuow.org
kyivindependent.com,left-center,did:plc:yazbevg3wkzp5llnzb44tqgh,kyivindependent.com
kyivpost.com,left-center,did:plc:gzqhucwylp2oah35ra76oyju,kyivpost.com
ladepeche.fr,left-center,did:plc:amurd66myo4dsja5t2td4ywx,ladepeche.fr
lapresse.ca,left-center,did:plc:scwrdl3lzhvpfnju2lcleqv7,lapresse.ca
latimes.com,left-center,did:plc:d2jith367s6ybc3ldsusgdae,latimes.com
lemonde.fr,left-center,did:plc:qqxqxgdu5z3he2piqfbfaku4,lemonde.fr
liberation.fr,left-center,did:plc:uo4didwt5qe4onrscbmqwvwm,liberation.fr
malaysiakini.com,left-center,did:plc:tyyry2zat7yhcoeogityqmxm,malaysiakini.com
marylandmatters.org,left-center,did:plc:z4w37wv4de5jf7kxatkqu6tg,marylandmatters.org
mediapart.fr,left-center,did:plc:2egpzsea27fru2vkrjgdw2ob,mediapart.fr
medium.com,left-center,did:plc:6kgoosb6wlu46y2k3zncfrm6,medium.com
mensjournal.com,left-center,did:plc:3w2c73hjxeh2pgca4twmomni,mensjournal.com
metro.co.uk,left-center,did:plc:sdpon5ex2jtxg4b7wqp3xtv6,metro.co.uk
miamiherald.com,left-center,did:plc:7blh5fitc6pgieykmlugwtxo,miamiherald.com
mississippitoday.org,left-center,did:plc:pqhfm2b2wqbjvivyf3bcidrp,mississippitoday.org
moneytalksnews.com,left-center,did:plc:2chxsee2nn2wmb4r2mnwcl63,moneytalksnews.com
mongabay.com,left-center,did:plc:nrepv6pvm5zcexreteqt4axg,mongabay.com
themoscowtimes.com,left-center,did:plc:dfbxu43srqkd2xplm2qborth,themoscowtimes.com
motherjones.com,left-center,did:plc:qobvnkudcv3zlaklxxjduqoi,motherjones.com
nationalnewswatch.com,left-center,did:plc:e3uwo6d5sg6x3rolvj6v7bwp,nationalnewswatch.com
nationalobserver.com,left-center,did:plc:zh5dfrgucq2td5ngz2wtlzle,nationalobserver.com
nbcphiladelphia.com,left-center,did:plc:xtnri6sf3ur76egadpfepyju,nbcphiladelphia.com
nbcchicago.com,left-center,did:plc:ooehmgxqovhmwjxfeh4b4o6c,nbcchicago.com
nbclosangeles.com,left-center,did:plc:vf7q3tewlpms2pqgwks7ug3o,nbclosangeles.com
nbcnews.com,left-center,did:plc:wmho6q2uiyktkam3jsvrms3s,nbcnews.com
nbcnewyork.com,left-center,did:plc:xyxzvmi357c3i3n2efnks2vg,nbcnewyork.com
ndtv.com,left-center,did:plc:j7jesp5bwulzurgsslozwzkp,ndtv.com
newamerica.org,left-center,did:plc:kwwyqxm26vc4lfgnqwjep5da,newamerica.org
nydailynews.com,left-center,did:plc:7yvfc6kvlaw5she7qxjawoxo,nydailynews.com
nytimes.com,left-center,did:plc:eclio37ymobqex2ncko63h4r,nytimes.com
niemanlab.org,left-center,did:plc:xfq2h4jv25kw3fzzgwjxli46,niemanlab.org
therecord.com,left-center,did:plc:v3djzxt7v7licp4qfbrsaptm,therecord.com
nrc.nl,left-center,did:plc:bvkk4kkuavnhqrwapc34wtfp,nrc.nl
npr.org,left-center,did:plc:ln72v57ivz2g46uqf4xxqiuh,npr.org
ourworldindata.org,left-center,did:plc:4dmngv2nlzbdtjzetpbfsuw6,ourworldindata.org
patrioticmillionaires.org,left-center,did:plc:62a4o3znsee5y5q7kq7bqghs,patrioticmillionaires.org
pbs.org,left-center,did:plc:4gqfunj7vefiwazjhgwuckpe,pbs.org
inquirer.com,left-center,did:plc:a3anzwkj4bnz2w6mglhs4xfe,inquirer.com
phillyvoice.com,left-center,did:plc:tipzch2i5ptohvqgh5ygo4iv,phillyvoice.com
politico.com,left-center,did:plc:yf6hctt2ug3qyfty4in64yob,politico.com
politico.eu,left-center,did:plc:bak7f4b3jsiqlpyo6o4ejaji,politico.eu
politics.co.uk,left-center,did:plc:edzngqwjam6c2vkqi6nr2qmx,politics.co.uk
polygon.com,left-center,did:plc:ft4gwdn3b552cg4eidqfz7gm,polygon.com
propublica.org,left-center,did:plc:k4jt6heuiamymgi46yeuxtpt,propublica.org
publico.es,left-center,did:plc:obruk6nipsroeivgkqwpowgt,publico.es
puck.news,left-center,did:plc:l3lvnqac3azhbpbbyiqxxkzw,puck.news
sanluisobispo.com,left-center,did:plc:sxgp5ntviizefohb4kuh3ydp,sanluisobispo.com
sapiens.org,left-center,did:plc:sfh4b7tr377vnbar63az237e,sapiens.org
seattletimes.com,left-center,did:plc:74jigfry77xzedl5tmhim2c5,seattletimes.com
self.com,left-center,did:plc:wiyhctujo45bhmczytgmf5hl,self.com
snopes.com,left-center,did:plc:2ns6vcwxutr7zqwnuloode7e,snopes.com
scmp.com,left-center,did:plc:sai3mkqu6p4w2k2ap7c55jul,scmp.com
agriculture.com,left-center,did:plc:lxlgziqgzo7ar44qblb4bay7,agriculture.com
taskandpurpose.com,left-center,did:plc:n7vewipv66m3h4uzztvstr5z,taskandpurpose.com
texastribune.org,left-center,did:plc:e5tpuleqbitliydj7npaotqg,texastribune.org
thecity.nyc,left-center,did:plc:vyx64uw6qfv5fqu4cecxdinp,thecity.nyc
coloradosun.com,left-center,did:plc:iwlynwlkj7eiiy25mpxuqyrj,coloradosun.com
theguardian.com,left-center,did:plc:vovinwhtulbsx4mwfw26r5ni,theguardian.com
hilltimes.com,left-center,did:plc:b3nlsopwvdn246ccpxctzsw4,hilltimes.com
theintercept.com,left,did:plc:vtwv2edeyhasfqgd53x5yius,theintercept.com
irishtimes.com,left-center,did:plc:465tbrqfeduj3lhludc6nbog,irishtimes.com
thejournal.ie,left-center,did:plc:qjaqauwzfmqz3uzauuufhrc4,thejournal.ie
lincolnproject.us,left-center,did:plc:cxrua73vvgqw4lel4nkccky7,lincolnproject.us
theguardian.com,left-center,did:plc:vovinwhtulbsx4mwfw26r5ni,theguardian.com
theolympian.com,left-center,did:plc:ahbutwh5auf4mmlve5547fgu,theolympian.com
pennlive.com,left-center,did:plc:k7vrhp5srmiccfb2zxzefmu6,pennlive.com
cleveland.com,left-center,did:plc:57fcqgknd3kgbr5ljzgrkskr,cleveland.com
thesaturdaypaper.com.au,left-center,did:plc:n5zedclfuka5wtdw6g4znlpb,thesaturdaypaper.com.au
thestate.com,left-center,did:plc:yuhmknyawlfspsxmju672zfs,thestate.com
thetrace.org,left-center,did:plc:rpwduj2dvwfb3qkzev3eraad,thetrace.org
thetyee.ca,left-center,did:plc:ormie3tjweyhnqckjlzowoxg,thetyee.ca
theverge.com,left-center,did:plc:7exlcsle4mjfhu3wnhcgizz6,theverge.com
pilotonline.com,left-center,did:plc:7fccj37eco5jcul6lku46tt6,pilotonline.com
wilderness.org,left-center,did:plc:dkqlstib46igyvsgjyqzklmy,wilderness.org
thewire.in,left-center,did:plc:plktvmsr3cl6dosihl3awvgh,thewire.in
thewrap.com,left-center,did:plc:mvte3ogwuele6tndqgzy742q,thewrap.com
time.com,left-center,did:plc:omofselcxdbcjhkc4235ygyl,time.com
timesofisrael.com,left-center,did:plc:pcqzb7h2f5f3hyxvjuphjvdm,timesofisrael.com
thestar.com,left-center,did:plc:w5pxbmkjntxfw6mt4emennhv,thestar.com
tvanouvelles.ca,left-center,did:plc:phfxliqhafv7fprwzaru3exo,tvanouvelles.ca
undark.org,left-center,did:plc:4ppjjgnfhrddmaanq6gvngp7,undark.org
uft.org,left-center,did:plc:lji7ztkweb56un5qb4xy475a,uft.org
usatoday.com,left-center,did:plc:2yyvxfpy4s63ars26dzlpbf2,usatoday.com
usnews.com,left-center,did:plc:qceqbyky6jmnos2sffhtdewr,usnews.com
variety.com,left-center,did:plc:azhp7skmdpph62i3zgy4jixy,variety.com
virginiamercury.com,left-center,did:plc:htbseopuihjycilu5xgf5tyj,virginiamercury.com
voiceofsandiego.org,left-center,did:plc:d6qmgv4b4ghoka6wsaohfbeu,voiceofsandiego.org
votevets.org,left-center,did:plc:lugfl5ovij6keueyqpd3zjz4,votevets.org
vulture.com,left-center,did:plc:sfvkd7mmhdpilq6zwiomisqe,vulture.com
wamu.org,left-center,did:plc:63fajmyefk6vzoeszbwwodha,wamu.org
washingtonpost.com,left-center,did:plc:k5nskatzhyxersjilvtnz4lh,washingtonpost.com
nbcboston.com,left-center,did:plc:kscp4jlgwif7ye2pff3ljwvt,nbcboston.com
whitehouse.gov,left-center,did:plc:iw2wxg46hm4ezguswhwej6t6,whitehouse.gov
wired.com,left-center,did:plc:inz4fkbbp7ms3ixufw6xuvdi,wired.com
wishtv.com,left-center,did:plc:55hgu6rzcfky7dmrgmntl37k,wishtv.com
wnyc.org,left-center,did:plc:nk4lhr7bgialro25vdwazwv3,wnyc.org
wilsoncenter.org,left-center,did:plc:7fjlj5sqqstzhok63m5mubab,wilsoncenter.org
worldcrunch.com,left-center,did:plc:sazgc4qsm4e2ch7b6qoi63rh,worldcrunch.com
weforum.org,left-center,did:plc:zuqs25mwl7p7amc3c4hhbdyz,weforum.org
nbcwashington.com,left-center,did:plc:utncxp64doodk3pmctcmhp7n,nbcwashington.com
nbcmiami.com,left-center,did:plc:7gl6h3dfafmponz2zfbnzp4n,nbcmiami.com
yahoo.com,left-center,did:plc:qllfluzwespjue6ju6ssvc4e,yahoo.com
yale.edu,left-center,did:plc:7x7aao27lltpxdlvcheg446k,yale.edu
abc.es,right-center,did:plc:j22lmfbgns43aqcy5rzhavx3,abc.es
al.com,right-center,did:plc:efaygq5wmdltls3erhg57gyp,al.com
saltwire.com,right-center,did:plc:if4fohevei5dplwedtwmtpjv,saltwire.com
barrons.com,right-center,did:plc:lk6wskto4w67mktlata5zsa2,barrons.com
billingsgazette.com,right-center,did:plc:vt3tf2nqbbjq3uuleb6p3uig,billingsgazette.com
bipartisanpolicy.org,right-center,did:plc:jbc5i46lokve2cujrtkpnogh,bipartisanpolicy.org
bnr.nl,right-center,did:plc:le3qtd7rmw3hzqrigwve7ocx,bnr.nl
boomlive.in,right-center,did:plc:k4zpzgouyfon6u54k26ggbem,boomlive.in
bostonherald.com,right-center,did:plc:lvskzens75zwt65unep2mwjf,bostonherald.com
breakingdefense.com,right-center,did:plc:ji4gwgftlixz67y5rpcjulk7,breakingdefense.com
cato.org,right-center,did:plc:vhl3hxl4qkpoyyu3knbf7n3c,cato.org
chicagotribune.com,right-center,did:plc:jszy2fvtipwprnjhe7pxytfv,chicagotribune.com
chinadigitaltimes.net,right-center,did:plc:ppd3ypfty6f2rlonrydgsjgj,chinadigitaltimes.net
christianitytoday.com,right-center,did:plc:hxkgaqrpajhc2ak2aef5ey7y,christianitytoday.com
saltwire.com,right-center,did:plc:if4fohevei5dplwedtwmtpjv,saltwire.com
dailyherald.com,right-center,did:plc:7sbmp4d7uaybccgj7ojjwo2h,dailyherald.com
dallasnews.com,right-center,did:plc:h5s3fxfvfxsle5q6j4p3ozfv,dallasnews.com
volkskrant.nl,right-center,did:plc:ass4aukj7qniiiswynzx24xa,volkskrant.nl
denvergazette.com,right-center,did:plc:rfrjnivppbupbbnmrobqz62d,denvergazette.com
deutschland.de,right-center,did:plc:cpyatsdvafhfyfaplat3squv,deutschland.de
edmontonjournal.com,right-center,did:plc:seuq6tylj2s5ukgufatkhx3i,edmontonjournal.com
edmontonsun.com,right-center,did:plc:eg3pnaa2shlrqtrvsrldilqn,edmontonsun.com
financialpost.com,right-center,did:plc:6l5tof2dpgyynqukyzmx2vvy,financialpost.com
forbes.com,right-center,did:plc:2w45zyhuklwihpdc7oj3mi63,forbes.com
fortune.com,right-center,did:plc:cl7awuutp2yyt7umofer4djk,fortune.com
mlive.com,right-center,did:plc:fuhwm2ehs6zpfzcm2a54vpij,mlive.com
greeleytribune.com,right-center,did:plc:3alaojrfxtquyp7qrmqgy4kd,greeleytribune.com
hln.be,right-center,did:plc:74lezito7fe4crvzxqaxlb4w,hln.be
honestreporting.com,right-center,did:plc:4jsrtvpe4et34oqhqv4bacco,honestreporting.com
al.com,right-center,did:plc:efaygq5wmdltls3erhg57gyp,al.com
inforum.com,right-center,did:plc:7qbxce6p37kcat5vcjnqrmj2,inforum.com
itv.com,right-center,did:plc:eroby7hm6qmsqwqujlgnjwca,itv.com
khaleejtimes.com,right-center,did:plc:xrxzxvkyx76ipre6j32phkpi,khaleejtimes.com
lanacion.com.ar,right-center,did:plc:7n2qkmevmrkieobp2hqqphem,lanacion.com.ar
lefigaro.fr,right-center,did:plc:znu3bmhx5mx2icucilix5rpa,lefigaro.fr
leicestermercury.co.uk,right-center,did:plc:pi53psv5yhxpqnwtttu2xtmd,leicestermercury.co.uk
lbc.co.uk,right-center,did:plc:lwmiyyhcs43mpjjuqppu4cfq,lbc.co.uk
marketwatch.com,right-center,did:plc:mkvth2qwl7mohbagow7macxl,marketwatch.com
meaww.com,right-center,did:plc:qk6mpn3aqs5nl3lmhgzlpbln,meaww.com
montrealgazette.com,right-center,did:plc:c2pqqu7yi4nuxghkqw3baozz,montrealgazette.com
thecouriertimes.com,right-center,did:plc:vimtmdvlupwqslva6y6obcsf,thecouriertimes.com
nypost.com,right-center,did:plc:ck7aajho5ziqo6lrs64rm4oc,nypost.com
newsweek.com,right-center,did:plc:aonrplpou355iyrtvtimbj2q,newsweek.com
nowentertainment.net,right-center,did:plc:5tuugkvfjh3bp6mwapm3gce6,nowentertainment.net
reason.com,right-center,did:plc:mnm4mcooyknue6u3yswglgzl,reason.com
thebulwark.com,right-center,did:plc:aunpu65mdrhwfie7ynymlzeh,thebulwark.com
theglobeandmail.com,right-center,did:plc:y3xrmnwvkvsq4tqcsgwch4na,theglobeandmail.com
tulsaworld.com,right-center,did:plc:jievvnz3hlmofcs7s2rm25yq,tulsaworld.com
unherd.com,right-center,did:plc:dbhob4ehbowinclgen27ype2,unherd.com
vancouversun.com,right-center,did:plc:gvkrcsufx5jo6apdzihnsa4u,vancouversun.com
wsj.com,right-center,did:plc:i3fhjvvkbmirhyu4aeihhrnv,wsj.com
abcnews4.com,right-center,did:plc:y6njvtuvi7ejp73z3jcnxufu,abcnews4.com
calgarysun.com,right-center,did:plc:eysc32szb7g3e647fqxgs3eq,calgarysun.com
express.co.uk,right,did:plc:2pr3xe6zmttefbpy3fjrii5c,express.co.uk
telegraph.co.uk,right,did:plc:rer7bi5nn2yvvsnlaiiwin2k,telegraph.co.uk
telegraaf.nl,right,did:plc:v2th7wjz4ct3wydmeolnsapz,telegraaf.nl
journaldemontreal.com,right,did:plc:fqtlx4aba5mnf2mk3nqs5ne5,journaldemontreal.com
thestar.com,right,did:plc:w5pxbmkjntxfw6mt4emennhv,thestar.com
thesun.co.uk,right,did:plc:fzr736hkn2st5s3znnoagnc3,thesun.co.uk
the-sun.com,right,did:plc:hmizoisby3jvhh3iysn76o4o,the-sun.com
answersingenesis.org,right,did:plc:mg5qbjzr5jq3rx6q7tcvf6oc,answersingenesis.org
greenpeace.org,left,did:plc:fboonjsq4tdhbubl7lma2jim,greenpeace.org
peta.org,left,did:plc:vyaud2o7mv4yt2557iti24oe,peta.org
cgtn.com,left-center,did:plc:cmr7psea6xu5wurceflhyu6u,cgtn.com
dailymail.co.uk,right,did:plc:mzeafnu2fiz4jsuohywamioa,dailymail.co.uk
dailystar.co.uk,right-center,did:plc:7usorkmmdn2o5b5tirls35ex,dailystar.co.uk
democrats.org,left,did:plc:e6f2tjbtbkw4zjiz337hxohn,democrats.org
nationalzero.com,left,did:plc:6crrnj4les3psm2v5gyzfuq6,nationalzero.com
newsmax.com,right,did:plc:flijdq6nzuscczuhvv2lt7bp,newsmax.com
perezhilton.com,left,did:plc:pxrsehl44hc4v36dujpjeihe,perezhilton.com
dailyboulder.com,left,did:plc:pdb7upsfe6eb6yurtwcxephs,dailyboulder.com
aaas.org,neutral,did:plc:j4c3ggmewdctahujm3hgn5iy,aaas.org
agu.org,neutral,did:plc:pvcshsfrjz64enky5wrlhbgf,agu.org
ama-assn.org,neutral,did:plc:e3deehwmx2sepg67djt47ler,ama-assn.org
americanscientist.org,neutral,did:plc:d6z5jg6dx7q3ei5vj6ea56ct,americanscientist.org
autisticadvocacy.org,neutral,did:plc:r6u62rikefykqiss6wkx5522,autisticadvocacy.org
carbonbrief.org,left-center,did:plc:2d6kuvaoa7qi6bq5cwq4isee,carbonbrief.org
climateactiontracker.org,neutral,did:plc:h4lkczne5yqiwvd7mmqmpovu,climateactiontracker.org
climatecentral.org,neutral,did:plc:rvso2itxklrx7kn5qrwtkuy6,climatecentral.org
cochrane.org,neutral,did:plc:ahwxm5zm5se6fxngphev2cb3,cochrane.org
drugs.com,neutral,did:plc:kbdihfezpgqz5xife4l4ce6u,drugs.com
britannica.com,neutral,did:plc:klfyhgqtfo3kkug7sk5pdzvo,britannica.com
futurism.com,neutral,did:plc:7gqm7rb6fxdu7silt4xvykow,futurism.com
livescience.com,neutral,did:plc:wlbw52lc3gb5qzg5dltpd3gj,livescience.com
medpagetoday.com,neutral,did:plc:ayttzsapq4yt77n54alwdfpq,medpagetoday.com
nature.com,neutral,did:plc:vrsppvjc5fysqnm2zshiirey,nature.com
nejm.org,neutral,did:plc:mgwrki6irihfcatu2v347soc,nejm.org
psychologytoday.com,neutral,did:plc:4prhycdira2fzjdh6ginrrir,psychologytoday.com
science.org,neutral,did:plc:vqgovau5gkirnk3ss5qwjdmz,science.org
thelancet.com,neutral,did:plc:ypu6bwefbbzhcvojdj7mz657,thelancet.com
unep.org,neutral,did:plc:woph5pj32fzbuicun4r53g43,unep.org
universetoday.com,neutral,did:plc:2outnnpm6pm4if76nwrobdhe,universetoday.com
webmd.com,neutral,did:plc:agivasmm2ixa5z3zl7zzcksk,webmd.com
who.int,neutral,did:plc:univ47kzorwxjih3lqzrnwmv,who.int
cpac.ca,neutral,did:plc:znj4lppxrevean47mjt57bcn,cpac.ca
iea.org,neutral,did:plc:ppavi77mhpt7smqco4zeswop,iea.org
knowyourmeme.com,neutral,did:plc:qs4ixnkvr74ennngt2gsbtna,knowyourmeme.com
alaskasnewssource.com,neutral,did:plc:xama3o24aged6w4kckdfecv6,alaskasnewssource.com
leadstories.com,neutral,did:plc:bya34fm4zuqa23jevmhsxqnl,leadstories.com
memeorandum.com,neutral,did:plc:yxwuluq3ksl4hur6mopcl5el,memeorandum.com
military.com,neutral,did:plc:nxt3uowzoavd46hnyrvf4nba,military.com
nber.org,neutral,did:plc:v7wvtabl4o6u5f426wqncxcu,nber.org
patheos.com,neutral,did:plc:ydwc4ic2ggfzbktgb4pjezs2,patheos.com
piie.com,neutral,did:plc:bypjzsq5xtw26b5ywo6oqhpe,piie.com
rsf.org,neutral,did:plc:wyf4zeo6sc6niamecto6r5pa,rsf.org
rollcall.com,neutral,did:plc:dpqljtmvnkhvgc632ght6mnw,rollcall.com
scotusblog.com,neutral,did:plc:wjki6t3z6bafzdk6wackqkdt,scotusblog.com
sun-sentinel.com,neutral,did:plc:rj7zy2kvxhs6yeyjnjp7ha6q,sun-sentinel.com
theconversation.com,neutral,did:plc:tcwxpp3qs5jlcmly4fdbxpx3,theconversation.com
defconwarningsystem.com,neutral,did:plc:websvbeyxea5vvft2xdkspkn,defconwarningsystem.com
newslit.org,neutral,did:plc:4abml3cc7kuqm55uztzoywrm,newslit.org
waff.com,neutral,did:plc:pgjzz53v5um64azidckjyamo,waff.com
wcjb.com,neutral,did:plc:wngul27kw5b5hhijqqt5pnac,wcjb.com
miaminewtimes.com,left-center,did:plc:twn4n6xmeqgesnhjtumkkowt,miaminewtimes.com
muncievoice.com,left,did:plc:54h6ybpfetz4aoctwuvr25pn,muncievoice.com
msmagazine.com,left,did:plc:dgp2kmnnvpw3wt2kgmdf4ux3,msmagazine.com
nrdc.org,left,did:plc:2njfzvcrglp5lg45bpbzgcnb,nrdc.org
newstatesman.com,left-center,did:plc:s55iys3p4tup2yzz7q7ddjj3,newstatesman.com
people.com,left,did:plc:2fz6cb5skwlpndswyo3pubgt,people.com
queerty.com,left,did:plc:gbdwyhlh24fgihmagfexp7s3,queerty.com
scarymommy.com,left,did:plc:pemdhq3dgncwlb6i7rgntgfl,scarymommy.com
advocate.com,left,did:plc:j3ompincleuckl2aavhsofmt,advocate.com
thebaffler.com,left,did:plc:zqjl36khne6765ssivwrigco,thebaffler.com
climaterealityproject.org,left,did:plc:77xslmgin6nxncfqwnjhqwhl,climaterealityproject.org
justsecurity.org,left-center,did:plc:a74tjogmmhz5w2skcog54ssv,justsecurity.org
kentucky.com,left-center,did:plc:gvzwhu73dhdj6u2lfe73fuhd,kentucky.com
lifehacker.com,left-center,did:plc:trr77ir6lhiwkhnl2mynl2rv,lifehacker.com
startribune.com,left-center,did:plc:tutkpqtfsfdql5rj3j4bygq6,startribune.com
sacbee.com,left-center,did:plc:ljuh3omrnp3oep7ibvgdrvli,sacbee.com
sfchronicle.com,left-center,did:plc:niws4datih6dforyd7y22km4,sfchronicle.com
mercurynews.com,left-center,did:plc:nm5rp6ilbkq6xheb32dhg2w6,mercurynews.com
sfgate.com,left-center,did:plc:rgjellvwttc64uxvvssqdxjf,sfgate.com
sojo.net,left-center,did:plc:qg3fgiueg5ej55nbq6fzxc2s,sojo.net
spiegel.de,left-center,did:plc:6xofcnvvojjnmggqx43zghwh,spiegel.de
statnews.com,left-center,did:plc:dawci6skpmelnlja3lygz3p7,statnews.com
taxjustice.net,left-center,did:plc:fgoepbirxjnyqknb6smhb2km,taxjustice.net
techcrunch.com,left-center,did:plc:vtpyqvwce4x6gpa5dcizqecy,techcrunch.com
ecfr.eu,left-center,did:plc:i2ocrgqnywxn43uruiffjhlt,ecfr.eu
indianexpress.com,left-center,did:plc:ijtcyrk5avr4kphwlkdk5y3z,indianexpress.com
detroitnews.com,right-center,did:plc:ax7hyxuychp2tqbauseifsgl,detroitnews.com
reviewjournal.com,right-center,did:plc:jlvkinzciddqxkn67uytcbyb,reviewjournal.com
nikkei.com,right-center,did:plc:pkypwfeznavoxxfhabonvy6v,nikkei.com
ottawacitizen.com,right-center,did:plc:p3ounric4vjiajmut2ypasfs,ottawacitizen.com
post-gazette.com,right-center,did:plc:pbbrrwbbvfe7tdvn3tfziswk,post-gazette.com
valleynewslive.com,neutral,did:plc:fv5y3vsl7yjpuvq4tdb543fh,valleynewslive.com
mondoweiss.net,left,did:plc:u7alwxxtf5tlndqgdh47iqkc,mondoweiss.net
apa.org,neutral,did:plc:omxld5tiouja2vc3tlgyyqlm,apa.org
examine.com,neutral,did:plc:7wmp4va5u2ft6uqzezo7lwrr,examine.com
mayoclinic.org,neutral,did:plc:j5jgpyofiv47ddj3u2qfd3hh,mayoclinic.org
medscape.com,neutral,did:plc:qvi6kr6qftapseinw7yfnaik,medscape.com
technologyreview.com,neutral,did:plc:n6ntylxdpoo74zfscij4zpwr,technologyreview.com
noaa.gov,neutral,did:plc:ncviqcnllx42n36oqftjsqwj,noaa.gov
newscientist.com,neutral,did:plc:546qgaw5whiyfktyiyzv4z3p,newscientist.com
plos.org,neutral,did:plc:yc7qtx2guh22ieh3fmwe3yhj,plos.org
realclimate.org,neutral,did:plc:n3k7hkydcbm64tcvfcso3yt6,realclimate.org
science.org,neutral,did:plc:vqgovau5gkirnk3ss5qwjdmz,science.org
sciencebasedmedicine.org,neutral,did:pic:cg2h26c2ztdw2w2xfob6edjc,sciencebasedmedicine.org
bmj.com,neutral,did:plc:r2tqb4cbjkgt4ntcmby64lav,bmj.com
msnbc.com,left,did:plc:ofbkqcjzvm6gtwuufsubnkaf,msnbc.com
derstandard.at,left-center,did:plc:h3fqal74ubgzp3lfnsucbhrp,derstandard.at
houstonchronicle.com,left-center,did:plc:k5wontugfwb4lv7nwonarkqw,houstonchronicle.com
radio-canada.ca,left-center,did:plc:56vlfhiz74onh65otbyfapjj,radio-canada.ca
